code,country,year,health_expenditure_as_percent_gdp,unit_mult
ARG,Argentina,2000,8.22,0
ARG,Argentina,2001,8.372,0
ARG,Argentina,2002,7.393,0
ARG,Argentina,2003,6.895,0
ARG,Argentina,2004,7.229,0
ARG,Argentina,2005,7.611,0
ARG,Argentina,2006,7.64,0
ARG,Argentina,2007,7.835,0
ARG,Argentina,2008,8.183,0
ARG,Argentina,2009,9.456,0
ARG,Argentina,2010,9.445,0
ARG,Argentina,2011,9.418,0
ARG,Argentina,2012,9.827,0
ARG,Argentina,2013,9.781,0
ARG,Argentina,2014,9.671,0
ARG,Argentina,2015,10.229,0
ARG,Argentina,2016,9.002,0
ARG,Argentina,2017,10.442,0
ARG,Argentina,2018,9.534,0
ARG,Argentina,2019,9.355,0
AUS,Australia,2000,7.589,0
AUS,Australia,2001,7.674,0
AUS,Australia,2002,7.872,0
AUS,Australia,2003,7.877,0
AUS,Australia,2004,8.083,0
AUS,Australia,2005,7.965,0
AUS,Australia,2006,7.972,0
AUS,Australia,2007,8.052,0
AUS,Australia,2008,8.247,0
AUS,Australia,2009,8.542,0
AUS,Australia,2010,8.419,0
AUS,Australia,2011,8.534,0
AUS,Australia,2012,8.669,0
AUS,Australia,2013,8.745,0
AUS,Australia,2014,9.825,0
AUS,Australia,2015,10.174,0
AUS,Australia,2016,10.09,0
AUS,Australia,2017,10.112,0
AUS,Australia,2018,10.052,0
AUS,Australia,2019,10.213,0
AUT,Austria,2000,9.204,0
AUT,Austria,2001,9.269,0
AUT,Austria,2002,9.395,0
AUT,Austria,2003,9.547,0
AUT,Austria,2004,9.709,0
AUT,Austria,2005,9.627,0
AUT,Austria,2006,9.531,0
AUT,Austria,2007,9.532,0
AUT,Austria,2008,9.726,0
AUT,Austria,2009,10.226,0
AUT,Austria,2010,10.221,0
AUT,Austria,2011,10.026,0
AUT,Austria,2012,10.199,0
AUT,Austria,2013,10.286,0
AUT,Austria,2014,10.368,0
AUT,Austria,2015,10.368,0
AUT,Austria,2016,10.352,0
AUT,Austria,2017,10.384,0
AUT,Austria,2018,10.349,0
AUT,Austria,2019,10.488,0
BEL,Belgium,2000,7.999,0
BEL,Belgium,2001,8.15,0
BEL,Belgium,2002,8.318,0
BEL,Belgium,2003,9.164,0
BEL,Belgium,2004,9.328,0
BEL,Belgium,2005,9.222,0
BEL,Belgium,2006,9.128,0
BEL,Belgium,2007,9.134,0
BEL,Belgium,2008,9.593,0
BEL,Belgium,2009,10.319,0
BEL,Belgium,2010,10.2,0
BEL,Belgium,2011,10.361,0
BEL,Belgium,2012,10.503,0
BEL,Belgium,2013,10.575,0
BEL,Belgium,2014,10.608,0
BEL,Belgium,2015,10.797,0
BEL,Belgium,2016,10.793,0
BEL,Belgium,2017,10.801,0
BEL,Belgium,2018,10.861,0
BEL,Belgium,2019,10.76,0
BGR,Bulgaria,2005,6.89,0
BGR,Bulgaria,2006,6.525,0
BGR,Bulgaria,2007,6.157,0
BGR,Bulgaria,2008,6.283,0
BGR,Bulgaria,2009,6.596,0
BGR,Bulgaria,2010,7.095,0
BGR,Bulgaria,2011,7.103,0
BGR,Bulgaria,2012,7.539,0
BGR,Bulgaria,2013,7.142,0
BGR,Bulgaria,2014,7.683,0
BGR,Bulgaria,2015,7.394,0
BGR,Bulgaria,2016,7.46,0
BGR,Bulgaria,2017,7.496,0
BGR,Bulgaria,2018,7.332,0
BGR,Bulgaria,2019,7.092,0
BRA,Brazil,2000,8.335,0
BRA,Brazil,2001,8.55,0
BRA,Brazil,2002,8.697,0
BRA,Brazil,2003,8.189,0
BRA,Brazil,2004,8.125,0
BRA,Brazil,2005,8.035,0
BRA,Brazil,2006,8.25,0
BRA,Brazil,2007,8.202,0
BRA,Brazil,2008,8.011,0
BRA,Brazil,2009,8.395,0
BRA,Brazil,2010,7.945,0
BRA,Brazil,2011,7.788,0
BRA,Brazil,2012,7.736,0
BRA,Brazil,2013,7.977,0
BRA,Brazil,2014,8.396,0
BRA,Brazil,2015,8.909,0
BRA,Brazil,2016,9.169,0
BRA,Brazil,2017,9.471,0
BRA,Brazil,2018,9.465,0
BRA,Brazil,2019,9.614,0
CAN,Canada,2000,8.248,0
CAN,Canada,2001,8.625,0
CAN,Canada,2002,8.857,0
CAN,Canada,2003,9.011,0
CAN,Canada,2004,9.066,0
CAN,Canada,2005,9.035,0
CAN,Canada,2006,9.325,0
CAN,Canada,2007,9.429,0
CAN,Canada,2008,9.588,0
CAN,Canada,2009,10.7,0
CAN,Canada,2010,10.704,0
CAN,Canada,2011,10.408,0
CAN,Canada,2012,10.545,0
CAN,Canada,2013,10.44,0
CAN,Canada,2014,10.285,0
CAN,Canada,2015,10.769,0
CAN,Canada,2016,11.061,0
CAN,Canada,2017,10.934,0
CAN,Canada,2018,10.943,0
CAN,Canada,2019,11.059,0
CHE,Switzerland,2000,9.134,0
CHE,Switzerland,2001,9.46,0
CHE,Switzerland,2002,9.88,0
CHE,Switzerland,2003,10.137,0
CHE,Switzerland,2004,10.226,0
CHE,Switzerland,2005,10.058,0
CHE,Switzerland,2006,9.58,0
CHE,Switzerland,2007,9.417,0
CHE,Switzerland,2008,9.532,0
CHE,Switzerland,2009,10.142,0
CHE,Switzerland,2010,10.005,0
CHE,Switzerland,2011,10.119,0
CHE,Switzerland,2012,10.348,0
CHE,Switzerland,2013,10.615,0
CHE,Switzerland,2014,10.7,0
CHE,Switzerland,2015,11.004,0
CHE,Switzerland,2016,11.229,0
CHE,Switzerland,2017,11.413,0
CHE,Switzerland,2018,11.199,0
CHE,Switzerland,2019,11.426,0
CHL,Chile,2000,7.0,0
CHL,Chile,2001,7.097,0
CHL,Chile,2002,7.208,0
CHL,Chile,2003,7.25,0
CHL,Chile,2004,6.91,0
CHL,Chile,2005,6.624,0
CHL,Chile,2006,6.072,0
CHL,Chile,2007,6.213,0
CHL,Chile,2008,6.74,0
CHL,Chile,2009,7.858,0
CHL,Chile,2010,6.82,0
CHL,Chile,2011,6.799,0
CHL,Chile,2012,7.02,0
CHL,Chile,2013,7.476,0
CHL,Chile,2014,7.842,0
CHL,Chile,2015,8.351,0
CHL,Chile,2016,8.558,0
CHL,Chile,2017,9.091,0
CHL,Chile,2018,9.15,0
CHL,Chile,2019,9.31,0
CHN,China (People’s Republic of),2000,4.487,0
CHN,China (People’s Republic of),2001,4.235,0
CHN,China (People’s Republic of),2002,4.369,0
CHN,China (People’s Republic of),2003,4.409,0
CHN,China (People’s Republic of),2004,4.281,0
CHN,China (People’s Republic of),2005,4.184,0
CHN,China (People’s Republic of),2006,3.95,0
CHN,China (People’s Republic of),2007,3.68,0
CHN,China (People’s Republic of),2008,3.886,0
CHN,China (People’s Republic of),2009,4.339,0
CHN,China (People’s Republic of),2010,4.194,0
CHN,China (People’s Republic of),2011,4.309,0
CHN,China (People’s Republic of),2012,4.57,0
CHN,China (People’s Republic of),2013,4.742,0
CHN,China (People’s Republic of),2014,4.8,0
CHN,China (People’s Republic of),2015,4.961,0
CHN,China (People’s Republic of),2016,4.977,0
CHN,China (People’s Republic of),2017,5.047,0
CHN,China (People’s Republic of),2018,5.148,0
CHN,China (People’s Republic of),2019,5.373,0
COL,Colombia,2000,5.635,0
COL,Colombia,2001,5.942,0
COL,Colombia,2002,5.733,0
COL,Colombia,2003,5.775,0
COL,Colombia,2004,5.799,0
COL,Colombia,2005,6.067,0
COL,Colombia,2006,6.336,0
COL,Colombia,2007,6.491,0
COL,Colombia,2008,6.842,0
COL,Colombia,2009,7.311,0
COL,Colombia,2010,7.071,0
COL,Colombia,2011,6.781,0
COL,Colombia,2012,6.746,0
COL,Colombia,2013,7.017,0
COL,Colombia,2014,7.186,0
COL,Colombia,2015,7.523,0
COL,Colombia,2016,7.531,0
COL,Colombia,2017,7.679,0
COL,Colombia,2018,7.625,0
COL,Colombia,2019,7.78,0
CRI,Costa Rica,2000,6.565,0
CRI,Costa Rica,2001,6.474,0
CRI,Costa Rica,2002,6.869,0
CRI,Costa Rica,2003,6.969,0
CRI,Costa Rica,2004,6.63,0
CRI,Costa Rica,2005,6.664,0
CRI,Costa Rica,2006,6.935,0
CRI,Costa Rica,2007,6.996,0
CRI,Costa Rica,2008,7.469,0
CRI,Costa Rica,2009,7.86,0
CRI,Costa Rica,2010,8.029,0
CRI,Costa Rica,2011,8.112,0
CRI,Costa Rica,2012,7.782,0
CRI,Costa Rica,2013,7.679,0
CRI,Costa Rica,2014,7.662,0
CRI,Costa Rica,2015,7.592,0
CRI,Costa Rica,2016,7.315,0
CRI,Costa Rica,2017,7.045,0
CRI,Costa Rica,2018,7.286,0
CRI,Costa Rica,2019,7.221,0
CYP,Cyprus,2005,5.406,0
CYP,Cyprus,2006,5.437,0
CYP,Cyprus,2007,5.323,0
CYP,Cyprus,2008,6.022,0
CYP,Cyprus,2009,6.469,0
CYP,Cyprus,2010,6.501,0
CYP,Cyprus,2011,6.431,0
CYP,Cyprus,2012,6.536,0
CYP,Cyprus,2013,6.928,0
CYP,Cyprus,2014,6.931,0
CYP,Cyprus,2015,6.794,0
CYP,Cyprus,2016,6.653,0
CYP,Cyprus,2017,6.622,0
CYP,Cyprus,2018,6.826,0
CYP,Cyprus,2019,7.066,0
CZE,Czechia,2000,5.701,0
CZE,Czechia,2001,5.863,0
CZE,Czechia,2002,6.177,0
CZE,Czechia,2003,6.524,0
CZE,Czechia,2004,6.351,0
CZE,Czechia,2005,6.341,0
CZE,Czechia,2006,6.164,0
CZE,Czechia,2007,5.986,0
CZE,Czechia,2008,6.33,0
CZE,Czechia,2009,7.249,0
CZE,Czechia,2010,7.553,0
CZE,Czechia,2011,7.534,0
CZE,Czechia,2012,7.594,0
CZE,Czechia,2013,7.495,0
CZE,Czechia,2014,7.595,0
CZE,Czechia,2015,7.335,0
CZE,Czechia,2016,7.393,0
CZE,Czechia,2017,7.339,0
CZE,Czechia,2018,7.46,0
CZE,Czechia,2019,7.613,0
DEU,Germany,2000,9.888,0
DEU,Germany,2001,9.921,0
DEU,Germany,2002,10.184,0
DEU,Germany,2003,10.402,0
DEU,Germany,2004,10.146,0
DEU,Germany,2005,10.312,0
DEU,Germany,2006,10.18,0
DEU,Germany,2007,10.051,0
DEU,Germany,2008,10.251,0
DEU,Germany,2009,11.238,0
DEU,Germany,2010,11.096,0
DEU,Germany,2011,10.778,0
DEU,Germany,2012,10.853,0
DEU,Germany,2013,10.999,0
DEU,Germany,2014,11.026,0
DEU,Germany,2015,11.19,0
DEU,Germany,2016,11.242,0
DEU,Germany,2017,11.326,0
DEU,Germany,2018,11.473,0
DEU,Germany,2019,11.716,0
DNK,Denmark,2000,8.104,0
DNK,Denmark,2001,8.448,0
DNK,Denmark,2002,8.703,0
DNK,Denmark,2003,8.904,0
DNK,Denmark,2004,9.007,0
DNK,Denmark,2005,9.091,0
DNK,Denmark,2006,9.169,0
DNK,Denmark,2007,9.325,0
DNK,Denmark,2008,9.511,0
DNK,Denmark,2009,10.674,0
DNK,Denmark,2010,10.591,0
DNK,Denmark,2011,10.388,0
DNK,Denmark,2012,10.506,0
DNK,Denmark,2013,10.31,0
DNK,Denmark,2014,10.292,0
DNK,Denmark,2015,10.328,0
DNK,Denmark,2016,10.237,0
DNK,Denmark,2017,10.098,0
DNK,Denmark,2018,10.098,0
DNK,Denmark,2019,10.152,0
ESP,Spain,2000,6.799,0
ESP,Spain,2001,6.769,0
ESP,Spain,2002,6.801,0
ESP,Spain,2003,7.563,0
ESP,Spain,2004,7.65,0
ESP,Spain,2005,7.74,0
ESP,Spain,2006,7.829,0
ESP,Spain,2007,7.919,0
ESP,Spain,2008,8.382,0
ESP,Spain,2009,9.108,0
ESP,Spain,2010,9.119,0
ESP,Spain,2011,9.168,0
ESP,Spain,2012,9.156,0
ESP,Spain,2013,9.066,0
ESP,Spain,2014,9.087,0
ESP,Spain,2015,9.124,0
ESP,Spain,2016,8.949,0
ESP,Spain,2017,8.947,0
ESP,Spain,2018,8.999,0
ESP,Spain,2019,9.135,0
EST,Estonia,2000,5.164,0
EST,Estonia,2001,4.781,0
EST,Estonia,2002,4.703,0
EST,Estonia,2003,5.139,0
EST,Estonia,2004,5.338,0
EST,Estonia,2005,5.295,0
EST,Estonia,2006,4.974,0
EST,Estonia,2007,5.185,0
EST,Estonia,2008,5.957,0
EST,Estonia,2009,6.845,0
EST,Estonia,2010,6.594,0
EST,Estonia,2011,6.078,0
EST,Estonia,2012,6.095,0
EST,Estonia,2013,6.281,0
EST,Estonia,2014,6.362,0
EST,Estonia,2015,6.641,0
EST,Estonia,2016,6.702,0
EST,Estonia,2017,6.597,0
EST,Estonia,2018,6.691,0
EST,Estonia,2019,6.772,0
FIN,Finland,2000,7.093,0
FIN,Finland,2001,7.251,0
FIN,Finland,2002,7.628,0
FIN,Finland,2003,7.938,0
FIN,Finland,2004,8.059,0
FIN,Finland,2005,8.288,0
FIN,Finland,2006,8.284,0
FIN,Finland,2007,8.084,0
FIN,Finland,2008,8.343,0
FIN,Finland,2009,9.161,0
FIN,Finland,2010,9.142,0
FIN,Finland,2011,9.223,0
FIN,Finland,2012,9.586,0
FIN,Finland,2013,9.805,0
FIN,Finland,2014,9.781,0
FIN,Finland,2015,9.645,0
FIN,Finland,2016,9.378,0
FIN,Finland,2017,9.127,0
FIN,Finland,2018,9.043,0
FIN,Finland,2019,9.171,0
FRA,France,2000,9.584,0
FRA,France,2001,9.706,0
FRA,France,2002,10.022,0
FRA,France,2003,10.083,0
FRA,France,2004,10.164,0
FRA,France,2005,10.215,0
FRA,France,2006,10.386,0
FRA,France,2007,10.316,0
FRA,France,2008,10.501,0
FRA,France,2009,11.288,0
FRA,France,2010,11.226,0
FRA,France,2011,11.185,0
FRA,France,2012,11.297,0
FRA,France,2013,11.396,0
FRA,France,2014,11.525,0
FRA,France,2015,11.44,0
FRA,France,2016,11.49,0
FRA,France,2017,11.371,0
FRA,France,2018,11.21,0
FRA,France,2019,11.099,0
GBR,United Kingdom,2000,7.157,0
GBR,United Kingdom,2001,7.452,0
GBR,United Kingdom,2002,7.878,0
GBR,United Kingdom,2003,8.078,0
GBR,United Kingdom,2004,8.339,0
GBR,United Kingdom,2005,8.394,0
GBR,United Kingdom,2006,8.545,0
GBR,United Kingdom,2007,8.757,0
GBR,United Kingdom,2008,9.04,0
GBR,United Kingdom,2009,9.848,0
GBR,United Kingdom,2010,9.789,0
GBR,United Kingdom,2011,9.796,0
GBR,United Kingdom,2012,9.892,0
GBR,United Kingdom,2013,9.978,0
GBR,United Kingdom,2014,9.903,0
GBR,United Kingdom,2015,9.836,0
GBR,United Kingdom,2016,9.765,0
GBR,United Kingdom,2017,9.6,0
GBR,United Kingdom,2018,9.738,0
GBR,United Kingdom,2019,9.954,0
GRC,Greece,2000,7.243,0
GRC,Greece,2001,7.988,0
GRC,Greece,2002,8.234,0
GRC,Greece,2003,8.449,0
GRC,Greece,2004,8.094,0
GRC,Greece,2005,8.565,0
GRC,Greece,2006,8.259,0
GRC,Greece,2007,8.398,0
GRC,Greece,2008,8.828,0
GRC,Greece,2009,9.407,0
GRC,Greece,2010,9.597,0
GRC,Greece,2011,9.193,0
GRC,Greece,2012,8.924,0
GRC,Greece,2013,8.438,0
GRC,Greece,2014,7.891,0
GRC,Greece,2015,8.22,0
GRC,Greece,2016,8.449,0
GRC,Greece,2017,8.135,0
GRC,Greece,2018,8.12,0
GRC,Greece,2019,8.198,0
HRV,Croatia,2005,6.839,0
HRV,Croatia,2006,6.902,0
HRV,Croatia,2007,7.387,0
HRV,Croatia,2008,7.632,0
HRV,Croatia,2009,8.064,0
HRV,Croatia,2010,7.971,0
HRV,Croatia,2011,7.448,0
HRV,Croatia,2012,7.479,0
HRV,Croatia,2013,6.412,0
HRV,Croatia,2014,6.596,0
HRV,Croatia,2015,6.675,0
HRV,Croatia,2016,6.71,0
HRV,Croatia,2017,6.643,0
HRV,Croatia,2018,6.734,0
HRV,Croatia,2019,6.787,0
HUN,Hungary,2000,6.778,0
HUN,Hungary,2001,6.826,0
HUN,Hungary,2002,7.121,0
HUN,Hungary,2003,8.121,0
HUN,Hungary,2004,7.758,0
HUN,Hungary,2005,7.985,0
HUN,Hungary,2006,7.778,0
HUN,Hungary,2007,7.204,0
HUN,Hungary,2008,7.088,0
HUN,Hungary,2009,7.222,0
HUN,Hungary,2010,7.449,0
HUN,Hungary,2011,7.481,0
HUN,Hungary,2012,7.411,0
HUN,Hungary,2013,7.234,0
HUN,Hungary,2014,7.047,0
HUN,Hungary,2015,6.854,0
HUN,Hungary,2016,6.988,0
HUN,Hungary,2017,6.744,0
HUN,Hungary,2018,6.58,0
HUN,Hungary,2019,6.282,0
IDN,Indonesia,2000,1.842,0
IDN,Indonesia,2001,2.106,0
IDN,Indonesia,2002,1.969,0
IDN,Indonesia,2003,2.235,0
IDN,Indonesia,2004,2.107,0
IDN,Indonesia,2005,2.517,0
IDN,Indonesia,2006,2.604,0
IDN,Indonesia,2007,2.807,0
IDN,Indonesia,2008,2.548,0
IDN,Indonesia,2009,2.623,0
IDN,Indonesia,2010,2.791,0
IDN,Indonesia,2011,2.989,0
IDN,Indonesia,2012,2.914,0
IDN,Indonesia,2013,2.869,0
IDN,Indonesia,2014,2.964,0
IDN,Indonesia,2015,2.924,0
IDN,Indonesia,2016,3.021,0
IDN,Indonesia,2017,2.904,0
IDN,Indonesia,2018,2.868,0
IDN,Indonesia,2019,2.905,0
IND,India,2000,4.161,0
IND,India,2001,4.396,0
IND,India,2002,4.373,0
IND,India,2003,4.134,0
IND,India,2004,4.081,0
IND,India,2005,3.91,0
IND,India,2006,3.749,0
IND,India,2007,3.628,0
IND,India,2008,3.625,0
IND,India,2009,3.594,0
IND,India,2010,3.375,0
IND,India,2011,3.246,0
IND,India,2012,3.329,0
IND,India,2013,3.749,0
IND,India,2014,3.62,0
IND,India,2015,3.596,0
IND,India,2016,3.504,0
IND,India,2017,2.936,0
IND,India,2018,2.86,0
IND,India,2019,2.904,0
IRL,Ireland,2000,5.899,0
IRL,Ireland,2001,6.392,0
IRL,Ireland,2002,6.673,0
IRL,Ireland,2003,7.008,0
IRL,Ireland,2004,7.22,0
IRL,Ireland,2005,7.642,0
IRL,Ireland,2006,7.516,0
IRL,Ireland,2007,7.808,0
IRL,Ireland,2008,9.126,0
IRL,Ireland,2009,10.523,0
IRL,Ireland,2010,10.524,0
IRL,Ireland,2011,10.599,0
IRL,Ireland,2012,10.622,0
IRL,Ireland,2013,10.287,0
IRL,Ireland,2014,9.495,0
IRL,Ireland,2015,7.321,0
IRL,Ireland,2016,7.482,0
IRL,Ireland,2017,7.107,0
IRL,Ireland,2018,6.859,0
IRL,Ireland,2019,6.716,0
ISL,Iceland,2000,8.899,0
ISL,Iceland,2001,8.753,0
ISL,Iceland,2002,9.404,0
ISL,Iceland,2003,9.729,0
ISL,Iceland,2004,9.329,0
ISL,Iceland,2005,8.947,0
ISL,Iceland,2006,8.557,0
ISL,Iceland,2007,8.354,0
ISL,Iceland,2008,8.344,0
ISL,Iceland,2009,8.775,0
ISL,Iceland,2010,8.362,0
ISL,Iceland,2011,8.255,0
ISL,Iceland,2012,8.231,0
ISL,Iceland,2013,8.227,0
ISL,Iceland,2014,8.29,0
ISL,Iceland,2015,8.131,0
ISL,Iceland,2016,8.156,0
ISL,Iceland,2017,8.324,0
ISL,Iceland,2018,8.438,0
ISL,Iceland,2019,8.64,0
ISR,Israel,2000,6.608,0
ISR,Israel,2001,7.019,0
ISR,Israel,2002,6.923,0
ISR,Israel,2003,6.855,0
ISR,Israel,2004,6.804,0
ISR,Israel,2005,6.902,0
ISR,Israel,2006,6.708,0
ISR,Israel,2007,6.695,0
ISR,Israel,2008,6.828,0
ISR,Israel,2009,6.901,0
ISR,Israel,2010,6.872,0
ISR,Israel,2011,6.823,0
ISR,Israel,2012,6.96,0
ISR,Israel,2013,6.96,0
ISR,Israel,2014,7.051,0
ISR,Israel,2015,7.038,0
ISR,Israel,2016,7.121,0
ISR,Israel,2017,7.196,0
ISR,Israel,2018,7.258,0
ISR,Israel,2019,7.225,0
ITA,Italy,2000,7.567,0
ITA,Italy,2001,7.738,0
ITA,Italy,2002,7.867,0
ITA,Italy,2003,7.833,0
ITA,Italy,2004,8.165,0
ITA,Italy,2005,8.339,0
ITA,Italy,2006,8.437,0
ITA,Italy,2007,8.136,0
ITA,Italy,2008,8.533,0
ITA,Italy,2009,8.952,0
ITA,Italy,2010,8.916,0
ITA,Italy,2011,8.774,0
ITA,Italy,2012,8.784,0
ITA,Italy,2013,8.775,0
ITA,Italy,2014,8.868,0
ITA,Italy,2015,8.857,0
ITA,Italy,2016,8.725,0
ITA,Italy,2017,8.678,0
ITA,Italy,2018,8.682,0
ITA,Italy,2019,8.656,0
JPN,Japan,2000,7.035,0
JPN,Japan,2001,7.239,0
JPN,Japan,2002,7.352,0
JPN,Japan,2003,7.487,0
JPN,Japan,2004,7.535,0
JPN,Japan,2005,7.658,0
JPN,Japan,2006,7.687,0
JPN,Japan,2007,7.779,0
JPN,Japan,2008,8.089,0
JPN,Japan,2009,8.959,0
JPN,Japan,2010,9.063,0
JPN,Japan,2011,10.488,0
JPN,Japan,2012,10.672,0
JPN,Japan,2013,10.674,0
JPN,Japan,2014,10.729,0
JPN,Japan,2015,10.75,0
JPN,Japan,2016,10.659,0
JPN,Japan,2017,10.656,0
JPN,Japan,2018,10.74,0
JPN,Japan,2019,10.97,0
KOR,Korea,2000,3.855,0
KOR,Korea,2001,4.321,0
KOR,Korea,2002,4.052,0
KOR,Korea,2003,4.634,0
KOR,Korea,2004,4.605,0
KOR,Korea,2005,4.839,0
KOR,Korea,2006,5.161,0
KOR,Korea,2007,5.162,0
KOR,Korea,2008,5.4,0
KOR,Korea,2009,5.898,0
KOR,Korea,2010,6.026,0
KOR,Korea,2011,6.124,0
KOR,Korea,2012,6.178,0
KOR,Korea,2013,6.311,0
KOR,Korea,2014,6.502,0
KOR,Korea,2015,6.724,0
KOR,Korea,2016,6.893,0
KOR,Korea,2017,7.048,0
KOR,Korea,2018,7.463,0
KOR,Korea,2019,8.127,0
LTU,Lithuania,2000,6.2,0
LTU,Lithuania,2001,6.013,0
LTU,Lithuania,2002,6.144,0
LTU,Lithuania,2003,6.186,0
LTU,Lithuania,2004,5.511,0
LTU,Lithuania,2005,5.648,0
LTU,Lithuania,2006,5.844,0
LTU,Lithuania,2007,5.764,0
LTU,Lithuania,2008,6.294,0
LTU,Lithuania,2009,7.366,0
LTU,Lithuania,2010,6.815,0
LTU,Lithuania,2011,6.488,0
LTU,Lithuania,2012,6.276,0
LTU,Lithuania,2013,6.126,0
LTU,Lithuania,2014,6.193,0
LTU,Lithuania,2015,6.49,0
LTU,Lithuania,2016,6.638,0
LTU,Lithuania,2017,6.464,0
LTU,Lithuania,2018,6.53,0
LTU,Lithuania,2019,6.984,0
LUX,Luxembourg,2000,5.925,0
LUX,Luxembourg,2001,6.381,0
LUX,Luxembourg,2002,6.76,0
LUX,Luxembourg,2003,6.961,0
LUX,Luxembourg,2004,7.28,0
LUX,Luxembourg,2005,7.125,0
LUX,Luxembourg,2006,6.638,0
LUX,Luxembourg,2007,6.158,0
LUX,Luxembourg,2008,6.231,0
LUX,Luxembourg,2009,6.95,0
LUX,Luxembourg,2010,6.662,0
LUX,Luxembourg,2011,5.952,0
LUX,Luxembourg,2012,5.294,0
LUX,Luxembourg,2013,5.236,0
LUX,Luxembourg,2014,5.23,0
LUX,Luxembourg,2015,5.081,0
LUX,Luxembourg,2016,5.071,0
LUX,Luxembourg,2017,5.135,0
LUX,Luxembourg,2018,5.28,0
LUX,Luxembourg,2019,5.465,0
LVA,Latvia,2000,5.433,0
LVA,Latvia,2001,5.77,0
LVA,Latvia,2002,5.763,0
LVA,Latvia,2003,5.479,0
LVA,Latvia,2004,6.202,0
LVA,Latvia,2005,5.832,0
LVA,Latvia,2006,5.704,0
LVA,Latvia,2007,5.512,0
LVA,Latvia,2008,5.585,0
LVA,Latvia,2009,6.098,0
LVA,Latvia,2010,6.097,0
LVA,Latvia,2011,5.724,0
LVA,Latvia,2012,5.41,0
LVA,Latvia,2013,5.409,0
LVA,Latvia,2014,5.463,0
LVA,Latvia,2015,5.652,0
LVA,Latvia,2016,6.133,0
LVA,Latvia,2017,5.965,0
LVA,Latvia,2018,6.189,0
LVA,Latvia,2019,6.637,0
MEX,Mexico,2000,4.244,0
MEX,Mexico,2001,4.582,0
MEX,Mexico,2002,4.83,0
MEX,Mexico,2003,5.54,0
MEX,Mexico,2004,5.684,0
MEX,Mexico,2005,5.581,0
MEX,Mexico,2006,5.406,0
MEX,Mexico,2007,5.507,0
MEX,Mexico,2008,5.446,0
MEX,Mexico,2009,5.848,0
MEX,Mexico,2010,5.49,0
MEX,Mexico,2011,5.301,0
MEX,Mexico,2012,5.421,0
MEX,Mexico,2013,5.577,0
MEX,Mexico,2014,5.353,0
MEX,Mexico,2015,5.527,0
MEX,Mexico,2016,5.385,0
MEX,Mexico,2017,5.312,0
MEX,Mexico,2018,5.238,0
MEX,Mexico,2019,5.297,0
MLT,Malta,2016,8.966,0
MLT,Malta,2017,8.731,0
MLT,Malta,2018,8.551,0
MLT,Malta,2019,9.148,0
NLD,Netherlands,2000,7.707,0
NLD,Netherlands,2001,8.059,0
NLD,Netherlands,2002,8.649,0
NLD,Netherlands,2003,9.057,0
NLD,Netherlands,2004,9.111,0
NLD,Netherlands,2005,9.097,0
NLD,Netherlands,2006,9.081,0
NLD,Netherlands,2007,9.053,0
NLD,Netherlands,2008,9.277,0
NLD,Netherlands,2009,9.993,0
NLD,Netherlands,2010,10.155,0
NLD,Netherlands,2011,10.234,0
NLD,Netherlands,2012,10.539,0
NLD,Netherlands,2013,10.584,0
NLD,Netherlands,2014,10.567,0
NLD,Netherlands,2015,10.324,0
NLD,Netherlands,2016,10.294,0
NLD,Netherlands,2017,10.108,0
NLD,Netherlands,2018,10.02,0
NLD,Netherlands,2019,10.14,0
NOR,Norway,2000,7.703,0
NOR,Norway,2001,8.01,0
NOR,Norway,2002,8.983,0
NOR,Norway,2003,9.194,0
NOR,Norway,2004,8.796,0
NOR,Norway,2005,8.299,0
NOR,Norway,2006,7.882,0
NOR,Norway,2007,8.017,0
NOR,Norway,2008,7.915,0
NOR,Norway,2009,9.033,0
NOR,Norway,2010,8.858,0
NOR,Norway,2011,8.735,0
NOR,Norway,2012,8.722,0
NOR,Norway,2013,8.874,0
NOR,Norway,2014,9.283,0
NOR,Norway,2015,10.07,0
NOR,Norway,2016,10.53,0
NOR,Norway,2017,10.23,0
NOR,Norway,2018,9.96,0
NOR,Norway,2019,10.438,0
NZL,New Zealand,2000,7.47,0
NZL,New Zealand,2001,7.579,0
NZL,New Zealand,2002,7.9,0
NZL,New Zealand,2003,7.722,0
NZL,New Zealand,2004,7.901,0
NZL,New Zealand,2005,8.273,0
NZL,New Zealand,2006,8.638,0
NZL,New Zealand,2007,8.329,0
NZL,New Zealand,2008,9.124,0
NZL,New Zealand,2009,9.621,0
NZL,New Zealand,2010,9.593,0
NZL,New Zealand,2011,9.52,0
NZL,New Zealand,2012,9.652,0
NZL,New Zealand,2013,9.36,0
NZL,New Zealand,2014,9.402,0
NZL,New Zealand,2015,9.283,0
NZL,New Zealand,2016,9.244,0
NZL,New Zealand,2017,8.97,0
NZL,New Zealand,2018,9.038,0
NZL,New Zealand,2019,9.072,0
PER,Peru,2000,4.415,0
PER,Peru,2001,4.722,0
PER,Peru,2002,4.939,0
PER,Peru,2003,4.587,0
PER,Peru,2004,4.43,0
PER,Peru,2005,4.666,0
PER,Peru,2006,4.41,0
PER,Peru,2007,4.426,0
PER,Peru,2008,4.533,0
PER,Peru,2009,4.965,0
PER,Peru,2010,4.715,0
PER,Peru,2011,4.535,0
PER,Peru,2012,4.735,0
PER,Peru,2013,4.749,0
PER,Peru,2014,4.964,0
PER,Peru,2015,4.961,0
PER,Peru,2016,4.96,0
PER,Peru,2017,4.881,0
PER,Peru,2018,5.16,0
PER,Peru,2019,5.179,0
POL,Poland,2000,5.288,0
POL,Poland,2001,5.667,0
POL,Poland,2002,6.067,0
POL,Poland,2003,5.954,0
POL,Poland,2004,5.868,0
POL,Poland,2005,5.807,0
POL,Poland,2006,5.803,0
POL,Poland,2007,5.873,0
POL,Poland,2008,6.376,0
POL,Poland,2009,6.588,0
POL,Poland,2010,6.468,0
POL,Poland,2011,6.287,0
POL,Poland,2012,6.265,0
POL,Poland,2013,6.48,0
POL,Poland,2014,6.319,0
POL,Poland,2015,6.404,0
POL,Poland,2016,6.571,0
POL,Poland,2017,6.583,0
POL,Poland,2018,6.313,0
POL,Poland,2019,6.46,0
PRT,Portugal,2000,8.601,0
PRT,Portugal,2001,8.628,0
PRT,Portugal,2002,8.786,0
PRT,Portugal,2003,9.124,0
PRT,Portugal,2004,9.533,0
PRT,Portugal,2005,9.653,0
PRT,Portugal,2006,9.354,0
PRT,Portugal,2007,9.252,0
PRT,Portugal,2008,9.583,0
PRT,Portugal,2009,10.131,0
PRT,Portugal,2010,10.033,0
PRT,Portugal,2011,9.731,0
PRT,Portugal,2012,9.654,0
PRT,Portugal,2013,9.405,0
PRT,Portugal,2014,9.343,0
PRT,Portugal,2015,9.316,0
PRT,Portugal,2016,9.394,0
PRT,Portugal,2017,9.306,0
PRT,Portugal,2018,9.413,0
PRT,Portugal,2019,9.514,0
ROU,Romania,2005,5.528,0
ROU,Romania,2006,5.071,0
ROU,Romania,2007,5.023,0
ROU,Romania,2008,5.023,0
ROU,Romania,2009,5.278,0
ROU,Romania,2010,5.64,0
ROU,Romania,2011,4.475,0
ROU,Romania,2012,4.509,0
ROU,Romania,2013,5.224,0
ROU,Romania,2014,5.028,0
ROU,Romania,2015,4.943,0
ROU,Romania,2016,5.08,0
ROU,Romania,2017,5.189,0
ROU,Romania,2018,5.518,0
ROU,Romania,2019,5.714,0
SVK,Slovak Republic,2000,5.303,0
SVK,Slovak Republic,2001,5.332,0
SVK,Slovak Republic,2002,5.509,0
SVK,Slovak Republic,2003,5.448,0
SVK,Slovak Republic,2004,6.469,0
SVK,Slovak Republic,2005,6.589,0
SVK,Slovak Republic,2006,6.851,0
SVK,Slovak Republic,2007,7.177,0
SVK,Slovak Republic,2008,6.956,0
SVK,Slovak Republic,2009,7.948,0
SVK,Slovak Republic,2010,7.666,0
SVK,Slovak Republic,2011,7.299,0
SVK,Slovak Republic,2012,7.536,0
SVK,Slovak Republic,2013,7.495,0
SVK,Slovak Republic,2014,6.884,0
SVK,Slovak Republic,2015,6.762,0
SVK,Slovak Republic,2016,6.973,0
SVK,Slovak Republic,2017,6.757,0
SVK,Slovak Republic,2018,6.666,0
SVK,Slovak Republic,2019,6.92,0
SVN,Slovenia,2000,7.804,0
SVN,Slovenia,2001,7.876,0
SVN,Slovenia,2002,8.021,0
SVN,Slovenia,2003,8.099,0
SVN,Slovenia,2004,7.94,0
SVN,Slovenia,2005,7.996,0
SVN,Slovenia,2006,7.823,0
SVN,Slovenia,2007,7.511,0
SVN,Slovenia,2008,7.855,0
SVN,Slovenia,2009,8.541,0
SVN,Slovenia,2010,8.565,0
SVN,Slovenia,2011,8.536,0
SVN,Slovenia,2012,8.715,0
SVN,Slovenia,2013,8.74,0
SVN,Slovenia,2014,8.502,0
SVN,Slovenia,2015,8.517,0
SVN,Slovenia,2016,8.478,0
SVN,Slovenia,2017,8.185,0
SVN,Slovenia,2018,8.277,0
SVN,Slovenia,2019,8.491,0
SWE,Sweden,2000,7.327,0
SWE,Sweden,2001,7.9,0
SWE,Sweden,2002,8.21,0
SWE,Sweden,2003,8.317,0
SWE,Sweden,2004,8.13,0
SWE,Sweden,2005,8.151,0
SWE,Sweden,2006,8.052,0
SWE,Sweden,2007,7.996,0
SWE,Sweden,2008,8.208,0
SWE,Sweden,2009,8.77,0
SWE,Sweden,2010,8.32,0
SWE,Sweden,2011,10.416,0
SWE,Sweden,2012,10.735,0
SWE,Sweden,2013,10.905,0
SWE,Sweden,2014,10.948,0
SWE,Sweden,2015,10.804,0
SWE,Sweden,2016,10.852,0
SWE,Sweden,2017,10.785,0
SWE,Sweden,2018,10.941,0
SWE,Sweden,2019,10.832,0
TUR,Türkiye,2000,4.6,0
TUR,Türkiye,2001,4.888,0
TUR,Türkiye,2002,5.062,0
TUR,Türkiye,2003,5.014,0
TUR,Türkiye,2004,4.91,0
TUR,Türkiye,2005,4.894,0
TUR,Türkiye,2006,5.146,0
TUR,Türkiye,2007,5.238,0
TUR,Türkiye,2008,5.218,0
TUR,Türkiye,2009,5.494,0
TUR,Türkiye,2010,5.021,0
TUR,Türkiye,2011,4.653,0
TUR,Türkiye,2012,4.444,0
TUR,Türkiye,2013,4.371,0
TUR,Türkiye,2014,4.325,0
TUR,Türkiye,2015,4.117,0
TUR,Türkiye,2016,4.285,0
TUR,Türkiye,2017,4.18,0
TUR,Türkiye,2018,4.121,0
TUR,Türkiye,2019,4.36,0
UKR,Ukraine,2000,5.307,0
UKR,Ukraine,2001,5.725,0
UKR,Ukraine,2002,5.992,0
UKR,Ukraine,2003,6.546,0
UKR,Ukraine,2004,6.169,0
UKR,Ukraine,2005,6.346,0
UKR,Ukraine,2006,6.417,0
UKR,Ukraine,2007,6.018,0
UKR,Ukraine,2008,5.498,0
UKR,Ukraine,2009,6.61,0
UKR,Ukraine,2010,6.814,0
UKR,Ukraine,2011,6.817,0
UKR,Ukraine,2012,7.118,0
UKR,Ukraine,2013,6.944,0
UKR,Ukraine,2014,7.195,0
UKR,Ukraine,2015,7.784,0
UKR,Ukraine,2016,7.552,0
UKR,Ukraine,2017,7.442,0
UKR,Ukraine,2018,7.52,0
UKR,Ukraine,2019,7.092,0
USA,United States,2000,12.49,0
USA,United States,2001,13.168,0
USA,United States,2002,13.995,0
USA,United States,2003,14.506,0
USA,United States,2004,14.551,0
USA,United States,2005,14.579,0
USA,United States,2006,14.709,0
USA,United States,2007,14.918,0
USA,United States,2008,15.207,0
USA,United States,2009,16.201,0
USA,United States,2010,16.197,0
USA,United States,2011,16.14,0
USA,United States,2012,16.12,0
USA,United States,2013,15.951,0
USA,United States,2014,16.141,0
USA,United States,2015,16.401,0
USA,United States,2016,16.693,0
USA,United States,2017,16.638,0
USA,United States,2018,16.516,0
USA,United States,2019,16.553,0
ZAF,South Africa,2000,7.337,0
ZAF,South Africa,2001,7.123,0
ZAF,South Africa,2002,6.678,0
ZAF,South Africa,2003,7.041,0
ZAF,South Africa,2004,6.938,0
ZAF,South Africa,2005,6.862,0
ZAF,South Africa,2006,6.877,0
ZAF,South Africa,2007,6.905,0
ZAF,South Africa,2008,7.148,0
ZAF,South Africa,2009,7.649,0
ZAF,South Africa,2010,7.794,0
ZAF,South Africa,2011,7.944,0
ZAF,South Africa,2012,8.004,0
ZAF,South Africa,2013,8.103,0
ZAF,South Africa,2014,7.871,0
ZAF,South Africa,2015,8.053,0
ZAF,South Africa,2016,8.08,0
ZAF,South Africa,2017,7.977,0
ZAF,South Africa,2018,8.077,0
ZAF,South Africa,2019,8.23,0
